IP,Port,Protocol,Country,Anonymity,Speed (s),Last Checked
83.168.74.163,8080,http,,unknown,0.81,2025-05-18 17:02:43 UTC
79.110.201.235,8081,http,,unknown,0.74,2025-05-18 17:02:42 UTC
78.80.228.150,80,http,,unknown,0.62,2025-05-18 17:02:42 UTC
119.3.113.151,9094,http,,unknown,1.10,2025-05-18 17:02:43 UTC
135.181.154.225,80,http,,unknown,1.35,2025-05-18 17:02:43 UTC
79.110.200.27,8000,http,,unknown,0.59,2025-05-18 17:02:42 UTC
119.3.113.152,9094,http,,unknown,0.80,2025-05-18 17:02:43 UTC
123.30.154.171,7777,http,,unknown,0.92,2025-05-18 17:02:43 UTC
159.203.61.169,3128,http,,unknown,0.55,2025-05-18 17:02:43 UTC
83.168.72.172,8081,http,,unknown,0.57,2025-05-18 17:02:43 UTC
115.127.31.66,8080,http,,unknown,0.99,2025-05-18 17:02:43 UTC
59.53.80.122,10024,http,,unknown,0.80,2025-05-18 17:02:44 UTC
47.56.110.204,8989,http,,unknown,0.75,2025-05-18 17:02:44 UTC
103.10.231.189,8080,http,,unknown,1.13,2025-05-18 17:02:45 UTC
95.66.244.250,8080,http,,unknown,0.67,2025-05-18 17:02:45 UTC
80.249.112.162,80,http,,unknown,0.53,2025-05-18 17:02:45 UTC
185.105.102.189,80,http,,unknown,0.88,2025-05-18 17:02:45 UTC
218.77.183.214,5224,http,,unknown,1.04,2025-05-18 17:02:46 UTC
101.132.222.120,80,http,,unknown,0.75,2025-05-18 17:02:46 UTC
203.19.38.114,1080,http,,unknown,0.98,2025-05-18 17:02:46 UTC
84.39.112.144,3128,http,,unknown,0.51,2025-05-18 17:02:46 UTC
23.247.136.248,80,http,,unknown,1.15,2025-05-18 17:02:47 UTC
176.223.95.213,8080,http,,unknown,0.66,2025-05-18 17:02:47 UTC
194.183.190.10,8080,http,,unknown,0.81,2025-05-18 17:02:47 UTC
93.119.21.81,8080,http,,unknown,0.64,2025-05-18 17:02:47 UTC
38.250.126.201,999,http,,unknown,0.60,2025-05-18 17:02:47 UTC
57.129.81.201,3128,http,,unknown,1.60,2025-05-18 17:02:48 UTC
138.68.60.8,80,http,,unknown,0.28,2025-05-18 17:02:46 UTC
23.237.210.82,80,http,,unknown,0.08,2025-05-18 17:02:46 UTC
185.63.90.94,8080,http,,unknown,1.17,2025-05-18 17:02:47 UTC
187.249.114.252,8080,http,,unknown,0.32,2025-05-18 17:02:50 UTC
161.35.70.249,8080,http,,unknown,0.73,2025-05-18 17:02:50 UTC
45.170.226.250,999,http,,unknown,0.41,2025-05-18 17:02:50 UTC
45.12.150.82,8080,http,,unknown,0.50,2025-05-18 17:02:50 UTC
116.62.159.214,7789,http,,unknown,0.89,2025-05-18 17:02:50 UTC
182.253.109.12,8080,http,,unknown,1.08,2025-05-18 17:02:50 UTC
139.59.1.14,80,http,,unknown,1.40,2025-05-18 17:02:51 UTC
78.188.152.209,1454,http,,unknown,0.41,2025-05-18 17:02:50 UTC
117.250.3.58,8080,http,,unknown,1.03,2025-05-18 17:02:50 UTC
57.129.81.201,8080,http,,unknown,0.90,2025-05-18 17:02:50 UTC
77.242.98.39,8080,http,,unknown,1.55,2025-05-18 17:02:51 UTC
57.129.81.201,8081,http,,unknown,1.07,2025-05-18 17:02:50 UTC
116.227.52.29,6888,http,,unknown,0.70,2025-05-18 17:02:50 UTC
57.129.81.201,999,http,,unknown,1.07,2025-05-18 17:02:50 UTC
54.177.66.227,8080,http,,unknown,0.40,2025-05-18 17:02:50 UTC
172.188.122.92,80,http,,unknown,0.82,2025-05-18 17:02:50 UTC
115.239.234.43,7302,http,,unknown,0.35,2025-05-18 17:02:50 UTC
16.163.88.228,80,http,,unknown,0.34,2025-05-18 17:02:50 UTC
140.238.30.184,8080,http,,unknown,0.66,2025-05-18 17:02:50 UTC
77.75.95.14,80,http,,unknown,0.38,2025-05-18 17:02:50 UTC
88.135.72.7,80,http,,unknown,0.82,2025-05-18 17:02:50 UTC
89.58.57.45,80,http,,unknown,0.58,2025-05-18 17:02:50 UTC
91.103.120.55,80,http,,unknown,1.04,2025-05-18 17:02:51 UTC
190.2.143.81,8080,http,,unknown,0.50,2025-05-18 17:02:50 UTC
60.187.244.115,8085,http,,unknown,1.06,2025-05-18 17:02:51 UTC
49.12.216.1,80,http,,unknown,0.53,2025-05-18 17:02:50 UTC
91.239.7.66,80,http,,unknown,0.68,2025-05-18 17:02:50 UTC
218.92.86.202,8689,http,,unknown,1.99,2025-05-18 17:02:51 UTC
218.75.224.4,3309,http,,unknown,0.80,2025-05-18 17:02:50 UTC
185.105.102.179,80,http,,unknown,1.70,2025-05-18 17:02:51 UTC
47.56.110.204,8990,http,,unknown,1.20,2025-05-18 17:02:51 UTC
81.12.96.209,80,http,,unknown,0.81,2025-05-18 17:02:50 UTC
91.227.248.40,80,http,,unknown,0.33,2025-05-18 17:02:50 UTC
162.223.90.150,80,http,,unknown,0.26,2025-05-18 17:02:50 UTC
60.187.246.228,8085,http,,unknown,0.73,2025-05-18 17:02:50 UTC
117.72.106.195,5890,http,,unknown,2.96,2025-05-18 17:02:53 UTC
123.154.30.68,8085,http,,unknown,0.73,2025-05-18 17:02:50 UTC
60.187.244.66,8085,http,,unknown,0.85,2025-05-18 17:02:51 UTC
119.3.113.150,9094,http,,unknown,0.67,2025-05-18 17:02:50 UTC
128.199.202.122,3128,http,,unknown,1.15,2025-05-18 17:02:51 UTC
102.132.38.247,8080,http,,unknown,1.04,2025-05-18 17:02:51 UTC
103.120.146.11,8080,http,,unknown,0.66,2025-05-18 17:02:50 UTC
103.162.16.47,8080,http,,unknown,1.09,2025-05-18 17:02:51 UTC
103.249.120.167,80,http,,unknown,0.98,2025-05-18 17:02:51 UTC
103.79.131.70,13001,http,,unknown,0.92,2025-05-18 17:02:51 UTC
103.86.109.38,80,http,,unknown,0.44,2025-05-18 17:02:51 UTC
107.162.143.146,80,http,,unknown,0.20,2025-05-18 17:02:51 UTC
109.197.153.25,8888,http,,unknown,0.77,2025-05-18 17:02:52 UTC
111.21.252.170,8888,http,,unknown,1.60,2025-05-18 17:02:52 UTC
111.59.117.17,9091,http,,unknown,0.98,2025-05-18 17:02:52 UTC
112.126.68.169,8384,http,,unknown,0.81,2025-05-18 17:02:52 UTC
112.74.173.47,8837,http,,unknown,0.78,2025-05-18 17:02:52 UTC
114.55.75.169,80,http,,unknown,0.79,2025-05-18 17:02:52 UTC
116.196.86.230,8899,http,,unknown,2.01,2025-05-18 17:02:53 UTC
120.92.61.56,5020,http,,unknown,1.75,2025-05-18 17:02:53 UTC
121.43.43.217,10007,http,,unknown,0.80,2025-05-18 17:02:52 UTC
130.36.47.108,443,http,,unknown,1.04,2025-05-18 17:02:53 UTC
129.226.155.235,8080,http,,unknown,0.83,2025-05-18 17:02:52 UTC
139.159.97.42,8880,http,,unknown,0.82,2025-05-18 17:02:53 UTC
139.196.156.220,8888,http,,unknown,0.72,2025-05-18 17:02:52 UTC
139.224.40.134,8099,http,,unknown,0.79,2025-05-18 17:02:53 UTC
141.11.107.145,80,http,,unknown,0.50,2025-05-18 17:02:56 UTC
147.161.166.35,10326,http,,unknown,1.61,2025-05-18 17:02:57 UTC
148.206.32.3,8080,http,,unknown,0.19,2025-05-18 17:02:56 UTC
156.67.214.232,80,http,,unknown,0.36,2025-05-18 17:02:56 UTC
159.65.184.81,80,http,,unknown,0.22,2025-05-18 17:02:59 UTC
159.69.57.20,8880,http,,unknown,0.60,2025-05-18 17:02:59 UTC
165.225.113.220,10884,http,,unknown,1.66,2025-05-18 17:03:00 UTC
178.33.13.233,80,http,,unknown,0.29,2025-05-18 17:03:07 UTC
178.63.237.156,80,http,,unknown,0.53,2025-05-18 17:03:07 UTC
182.44.9.76,8072,http,,unknown,0.83,2025-05-18 17:03:08 UTC
183.215.23.242,9091,http,,unknown,0.92,2025-05-18 17:03:08 UTC
185.49.31.207,8081,http,,unknown,0.57,2025-05-18 17:03:12 UTC
189.232.81.243,8080,http,,unknown,0.37,2025-05-18 17:03:16 UTC
190.2.143.81,80,http,,unknown,0.54,2025-05-18 17:03:16 UTC
202.154.18.129,8080,http,,unknown,0.83,2025-05-18 17:03:17 UTC
202.61.209.160,80,http,,unknown,0.63,2025-05-18 17:03:17 UTC
203.95.198.166,8080,http,,unknown,0.92,2025-05-18 17:03:17 UTC
203.95.198.177,8080,http,,unknown,0.92,2025-05-18 17:03:17 UTC
34.102.48.89,8080,http,,unknown,2.45,2025-05-18 17:03:21 UTC
5.161.80.212,3128,http,,unknown,0.15,2025-05-18 17:03:18 UTC
72.10.160.91,24923,http,,unknown,0.60,2025-05-18 17:03:19 UTC
216.200.63.52,8080,http,,unknown,0.11,2025-05-18 17:03:18 UTC
221.6.139.190,9002,http,,unknown,0.79,2025-05-18 17:03:19 UTC
221.225.162.227,8888,http,,unknown,0.78,2025-05-18 17:03:19 UTC
23.247.136.254,80,http,,unknown,0.16,2025-05-18 17:03:22 UTC
27.79.185.139,16000,http,,unknown,1.48,2025-05-18 17:03:23 UTC
37.120.189.106,80,http,,unknown,0.33,2025-05-18 17:03:23 UTC
38.54.79.150,80,http,,unknown,0.50,2025-05-18 17:03:23 UTC
39.106.192.29,8443,http,,unknown,1.28,2025-05-18 17:03:26 UTC
42.112.22.6,80,http,,unknown,0.91,2025-05-18 17:03:26 UTC
43.133.13.187,10809,http,,unknown,1.75,2025-05-18 17:03:27 UTC
43.133.136.208,8800,http,,unknown,0.88,2025-05-18 17:03:26 UTC
43.198.66.3,3128,http,,unknown,0.56,2025-05-18 17:03:26 UTC
45.129.141.143,3128,http,,unknown,0.63,2025-05-18 17:03:30 UTC
45.58.52.81,80,http,,unknown,0.13,2025-05-18 17:03:30 UTC
46.29.162.222,80,http,,unknown,0.90,2025-05-18 17:03:31 UTC
47.104.160.169,443,http,,unknown,0.89,2025-05-18 17:03:31 UTC
47.109.31.148,8090,http,,unknown,1.37,2025-05-18 17:03:31 UTC
47.92.93.226,8888,http,,unknown,0.83,2025-05-18 17:03:31 UTC
47.98.165.42,9128,http,,unknown,0.55,2025-05-18 17:03:31 UTC
49.229.100.235,8080,http,,unknown,1.15,2025-05-18 17:03:31 UTC
5.78.84.152,8080,http,,unknown,0.06,2025-05-18 17:03:34 UTC
50.205.202.249,3128,http,,unknown,0.74,2025-05-18 17:03:34 UTC
61.158.175.38,9002,http,,unknown,1.62,2025-05-18 17:03:35 UTC
62.182.204.81,88,http,,unknown,0.78,2025-05-18 17:03:34 UTC
65.108.203.35,28080,http,,unknown,0.49,2025-05-18 17:03:34 UTC
65.108.203.37,18080,http,,unknown,0.51,2025-05-18 17:03:34 UTC
68.208.221.179,80,http,,unknown,0.21,2025-05-18 17:03:37 UTC
8.152.204.59,8081,http,,unknown,0.91,2025-05-18 17:03:38 UTC
80.249.112.164,80,http,,unknown,0.54,2025-05-18 17:03:38 UTC
82.102.10.253,80,http,,unknown,0.48,2025-05-18 17:03:38 UTC
91.205.196.215,8080,http,,unknown,0.76,2025-05-18 17:03:38 UTC
91.241.217.58,9090,http,,unknown,0.70,2025-05-18 17:03:38 UTC
188.132.221.26,8080,http,TR,unknown,2.08,2025-05-18 17:03:39 UTC
